Veljekset Johan Gustav Wilhelm ja Karl Magnus Emil Brummer korotettiin aatelisarvoon, ja heidän sukunsa merkittiin 28.2.1870 Suomen ritarihuoneeseen aatelissukuna 112.
Hän sai kanslianeuvoksen arvon 1889, valtioneuvoksen arvon 1893 ja todellisen valtioneuvoksen arvon 1899.
Emma Irene Åströmistä tuli Helsingin yliopiston filosofisen tiedekunnan ensimmäinen naispuolinen kunniatohtori 1927.
..se ei estänyt Heikelin nimitystä ensimmäiseksi kansatieteen dosentiksi 1889. 
Auskultoituaan Heinolan tuomiokunnassa hän sai varatuomarin arvon 1879. 
Tunnustusta elämäntyöstään Sievers sai 1923, jolloin hänelle annettiin professorin arvonimi sekä edelleen 1928, jolloin hänet 76-vuotiaana nimitettiin arkkiatriksi.
Rindell oli näet Mustialan-ansioistaan tullut jo palkituksi professorin arvonimellä 1893, mutta tieteellisesti arvokasta julkaisutoimintaa hänellä oli niukalti.
Tieteellisiä julkaisuja hän julkaisi vähän ja vasta ikämiehenä, mutta hän sai silti professorin arvonimen 1907. 
Nämä ansiot huomattiin: Konstantin Aladin nuorempi sai kauppaneuvoksen arvonimen 1904.
Keisari suostui uuden vt. kanslerin August Langhoffin esitykseen, ja Alma Söderhjelmistä tuli Suomen ensimmäinen naisdosentti. 
Hän sai vastaanottaa metsäneuvoksen arvonimen Tammisaaren metsäkoulun 30-vuotisjuhlassa 1939.
Brummer ylennettiin alikapteeniksi 8.8.1866 ja määrättiin opetuslaitoksensa matematiikan opettajaksi 14.12.1867. 
Brummer ylennettiin 11.9.1869 kapteeniksi.
Brummer määrättiin sotilastopografian opettajaksi 2. Konstantinin sotakouluun 4.7.1872.
Hänet ylennettiin everstiluutnantiksi 11.9.1872 ja everstiksi 11.9.1875.
Hänet nimitettiin 21.5.1889 Kuopion läänin kutsuntapiirin sotakomissaariksi.
määrättiin Kumlingen kirkkoherran apulaiseksi
Brummer määrättiin 24.12.1884 114. Novotoržokin jalkaväkirykmentin komentajaksi, mistä tehtävästä hän sai eron asetettuna armeijan jalkaväen reserviin 7.2.1886.
Brummer siirrettiin vänrikiksi ylennettynä H. M. Preussin kuningas Friedrich Wilhelm III:n krenatöörirykmenttiin 8.12.1857.
Hänet ylennettiin aliluutnantiksi 28.8.1862 ja siirrettiin sapööripataljoonaan.
Hänet ylennettiin luutnantiksi ja siirrettiin suomenmaalaiseen, myöhempään 7. sapööripataljoonaan 29.8.1863, mistä hänet siirrettiin 21.9.1863 opetusupseeriksi 2. kadettikouluun (myöhemmin 2. Pietarin sotaopisto).
Hän harrasti maalausta ja pääsi avioiduttuaan Kokkolan rovastin tyttären Fredrika Fineliuksen kanssa muun muassa Chydeniusten sukupiiriin.
Palmén solmi 26-vuotiaana avioliiton Hilda Octavia Embleton Samsonin kanssa.
Wrede solmi avioliiton 1888 turkulaisen tupakkatehtailijan, kauppaneuvos Fredric von Rettigin tyttären kanssa ja kääntyi niin ikään mieleltään uskontoon, jota hän siitä lähtien harrasti yhtä vakaasti ja näkyvästi kuin aikaisemmin taiteita.
Bredenberg oli vitaalinen ja liikkuvainen persoona, joka ei aivan vielä ollut halukas asettumaan paikoilleen, vaikka oli 1890-luvun puolivälissä perustanut perheen.
Leidenissä Nordström tapasi fysiikanopiskelija Cornelia van Leeuwenin, jonka kanssa hän avioitui 1917.
Puolisonsa Gösta Grotenfelt löysi lapsuudenkodistaan. Pariskunta jäi lapsettomaksi mutta otti kasvatikseen kaksi orvoksi jäänyttä sukulaistyttöä.
Mallinaan hänellä oli muun muassa morsiamensa ja tuleva puolisonsa Hedvig Cronstedt. Pariskunta avioitui muotokuvan valmistumisvuonna 1887 ja matkusti häämatkalle Etelä-Ranskaan ja Pariisiin.
Kun avioliiton solmiminen tuli ajankohtaiseksi 1878, oli etsittävä paremmat tulot tarjoava työpaikka, jollainen löytyi lehtorina Mustialan maanviljelysopistosta Tammelasta. 
"Opintovuosiensa jälkeen Gösta Grotenfelt hoiti veljensä kanssa kotikartanoa ja sen meijerikoulua; avioiduttuaan 1884 hän toimi Tyrvännön Lahdentaan ja Vesilahden Laukon kartanoissa suurtilojen tilanhoitajana, kunnes hän 36-vuotiaana 1891 siirtyi maan korkeinta maatalousopetusta antavan Mustialan maanviljelys- ja meijeriopiston johtajaksi. "
Professorin virastaan Bredenberg jäi eläkkeelle 69-vuotiaana syyskuussa 1934, mutta hoiti vanhaa virkaansa vielä koko seuraavan lukuvuoden. 
Katila vapautettiin ensin raskaasta toimitussihteerin tehtävästä ja päästettiin lopulta eläkkeelle 70 vuoden ikäisenä 1942.
Eläkkeelle siirryttyään Arthur Rindell muutti syntymäkaupunkiinsa Turkuun.
Eläkkeelle Kemi-yhtiöstä Sandberg jäi 1914, mutta jatkoi maailmansodan vuosina vielä työtään Lapissa Rovaniemen seudun hoitokunnissa vs. metsänhoitajana. 
Richard Sievers teki elämäntyönsä lääketieteen piirissä, jossa hänen huomattavimpana ansionaan voidaan pitää tuberkuloosin vastaisen työn aloittamista.
Elämäntyönsä Fazer teki Suomalaisen Oopperan ja baletin johtajana.
Hän sai eron sotapalveluksesta kenraalimajurina 13.2.1892 sekä eron sotakomissaarin tehtävästä 1895.
Bolshevikkien vallankaappauksen jälkeen Tunzelman erosi Venäjän armeijasta ja kirjoittautui tammikuussa 1918 Suomen armeijaan.
Hän sai kuitenkin 1901 viralliset nuhteet kenraalikuvernööri V. von Plehweltä kirjoitettuaan nimensä asevelvollisuusadressiin, ja kaksi vuotta myöhemmin Nikolai Bobrikov erotutti hänet ja nimitti tilalle myöntyväisyyssuunnan edustajan (J. R. Danielson-Kalmari) J. R. Danielsonin.
Nybergh erosi senaatista kielimanifestin vuoksi 1900. 
Hän oli mukana vuoden 1908 kokoomussenaatissa mutta erosi perustuslaillisten hallitustoveriensa mukana seuraavana vuonna.
Sieversin toimikausi jäi kuitenkin lyhyeksi, sillä hänet erotettiin virastaan keisarin määräyksellä 1911. Välittömänä syynä erottamiseen oli Tampereen yleisen sairaalan toiminnan lakkauttamisesta syntynyt arvovaltakiista, mutta taustalla vaikuttivat myös poliittiset tekijät ja erityisesti Sieversin toimenpiteet Venäjän suunnalta Suomea uhanneen koleravaaran torjumiseksi 1908–1910.
Hän hoiti tehtävää vuoteen 1914, jolloin hän kieltäytyi uudelleenvalinnasta.
Hurmerinta jätti terveyssyistä puheenjohtajan tehtävät 1920-luvun lopulla – juuri kun kamppailu kieltolaista kiihtyi.
Dosentuuristaan Helsingin yliopistossa Alma Söderhjelm erosi 1927.
Elfving jätti Skogskulturin toiminnanjohtajan tehtävät vuodenvaihteessa 1938–1939.
Katilan ikääntyessä hänen vastustajansa katsoivat hetkensä tulleen, ja hänet pudotettiin pois oopperan johtokunnasta 1930-luvun alussa. 
K. E. Palmén erosi vuoden 1919 lopussa Forssa Ab:n pääjohtajan toimesta ja sai 1920 vuorineuvoksen arvon. 
Routavuosina Wichmann karkotettiin ruotsinkielisten perustuslaillisten piirien edustajana maasta. Hänet pakotettiin ottamaan virkavapaata ja lähtemään Suomesta syyskuussa 1903.
Wichmann jäi eläkkeelle seminaarinjohtajan virastaan 1916 mutta ei jäänyt lepäämään laakereille vaan oli kolme vuotta Oulunkylän ruotsalaisen yhteiskoulun opettajana Helsingin maalaiskunnassa, vuodet 1919–1923 vt. arkistonhoitajana Merenkulkuhallituksessa ja vielä 1927–1929 Ahvenanmaan lyseossa vt. vanhempana lehtorina.
Ensimmäisen niin sanotun sortokauden aikana perustuslaillista suuntausta edustanut kunnallispormestari joutui senaatin määräyksestä eroamaan, mutta suurlakon jälkeen 1905 hän palasi jälleen virkaansa.
Hän ei kuitenkaan nähtävästi oikein löytänyt alaansa ja paikkaansa yliopisto-opintojen parissa, sillä käytyään suorittamassa joitakin opintoja myös Saksassa ja Yhdysvalloissa hän keskeytti kolmen vuoden jälkeen opintonsa ja siirtyi 1903 sukunsa kauppahuoneen palvelukseen.
Isän kuoltua 1893 Reinhold Felix von Willebrandin oli otettava huolehtiakseen perheen omaisuudesta ja yhtiöosuuksista. 
Samana vuonna kuin kauppaneuvos Aladin vanhempi kuoli (1896) tämän kauppaneuvoskollega – ja kova kilpailija Haminan liike-elämässä – Ahlqvist perusti sahansa lähelle lasitehtaan, jonka tuotteille riitti kysyntää paikkakunnan juomanvalmistuksen takia.
Hän sai työstään sekä koti- että ulkomaisia kunnianosoituksia, muun muassa kunniadiplomin 1913, mitalin 75-vuotispäivänään sekä nimeään kantavan rahaston 1928. 
Wichmann palkattiin 1930 Uudenmaan eteläisen suojeluskuntapiirin apulaispropagandistiksi.
Wichmann kutsuttiin myös monien eri seurojen ja yhdistysten, kuten Vasa Nationin, Helsingin Arbetets Vännerin, Yhdysvalloissa toimivan Runebergs Ordenin ja Stockholms lärarföreningin kunniajäseneksi.
Fazer kutsuttiin Suomen Tanssitaiteilijain Liiton kunniajäseneksi, minkä lisäksi hän sai ansioistaan erityisesti ulkomaisia kunniamerkkejä, kuten Latvian Kolmen Tähden ritarikunnan, Italian Kruunu-ritarikunnan komentajamerkit.
Hän sai kolmantena naisena Suomen Valkoisen Ruusun komentajamerkin 1945.
Elfvingille myönnettiin hänen elämänsä aikana useita huomionosoituksia.
Vain vajaan vuoden kuluttua hän kuitenkin kuoli ja jätti orvoiksi kuusi alaikäistä lasta. 
Rafael Hertzberg kuoli 1896 vain 51-vuotiaana.
Hän kuoli ainoastaan 40 vuoden ikäisenä 1895.
Grotenfelt kuoli sydänvaivoihin ehtimättä eläkkeelle.
Lähes 90-vuotiaana kuollut vanhus sai viimeisen leposijan Bromarvin kirkkomaalta.
"Hän kuitenkin kuoli jo runsaan kahden vuoden kuluttua 1925 ollessaan vasta 57-vuotias. Yllättävän poismenon syyksi aikalaiset arvelivat terveyden heikentymistä, jonka olivat aiheuttaneet ""pitkät ja raskaat työpäivät, joihin hän varattomana jo varhain sai tottua""."
Nystén kuoli 60-vuotiaana vilustuttuaan suojeluskuntaonnettomuudessa menehtyneen HOP:n virkailijan hautaussaattueessa.
Erik Dahlström kuoli yllättäen sydänkohtaukseen toukokuussa 1943.
Huolimaton uraanin käsittely saattoi olla osasyynä siihen, että Suomen merkittävin fyysikko sairastui perniöösiin anemiaan 1923 ja kuoli saman vuoden jouluaattona vain 42 vuoden ikäisenä.
Gunnar Nordströmin kuolemaa tuskin edes huomattiin Suomessa saati ulkomaisten kollegojen keskuudessa.
Liitosta, joka kesti lähes kuusikymmentä vuotta, syntyi 1884 poika John Oscar, joka toimi urallaan Keskuslaboratorio Oy:n toimitusjohtajana ja tutkijana Teknillisessä korkeakoulussa sekä Helsingin yliopistossa.
Hän luennoi sotahistoriasta maan ruotsinkielisille joukko-osastoille vuodesta 1919 ja teki 73-vuotiaana 1929 Gerda-tyttärensä kanssa neljä kuukautta kestävän luentomatkan Yhdysvaltoihin paikallisten suomenruotsalaisten piirien kutsusta.
Tiukan perustuslaillisen asennoitumisensa vuoksi hänet karkotettiin maasta 1903.
Suomen kansainvälisesti tunnetuin folkloristi Antti Aarne kehitti kansansatujen tyypittelyjärjestelmän, jota on käytetty yleisesti eri puolilla maailmaa.
Koulutusta täydensivät opintomatkat Keski-Eurooppaan, Balkanille ja Pohjois-Afrikkaan.
Palattuaan kotimaahansa hän julkaisi lisensiaatinväitöskirjansa Undersökningar angående den inre friktionen hos vätskor (1882).
Berndtsonin hyvä ystävä paroni Delort de Gléon, joka omisti huvilan Kairossa, matkusti hänen kanssaan, ja Egyptin-vierailusta tuli Berndtsonille suuri menestys.
Tärkeää kasvualustaa tulevalle kulttuuripersoonalle merkitsivät useat Euroopan-matkat, joille von Willebrand pääsi jo nuoruusvuosinaan. Ylioppilastutkinnon jälkeen hän matkusti Uppsalaan suureen pohjoismaiseen ylioppilaskokoukseen, missä hän saattoi solmia ensimmäiset yhteytensä ulkomaille. Kolme vuotta myöhemmin hän matkusti äitinsä ja nuoremman sisarensa Alicen kanssa Pariisiin voidakseen vierailla muun muassa maailmannäyttelyssä, museoissa, kirkoissa, teattereissa ja oopperataloissa. Suurimman osan vuodesta 1881, kandidaatintutkinnon ja lainopintojen välisen ajan, von Willebrand vietti matkustellen Euroopassa.
Hän matkusti paljon Länsi- ja Etelä-Euroopassa ja risteili Etelä-, Väli- ja Pohjois-Amerikkaan.
Kreikkaan ja etenkin Ateenaan Sundwall matkusti apurahan turvin kokonaiseksi vuodeksi 1908–1909 muun muassa keräämään materiaalia Kirchnerin teoksen täydennysosaa varten.
Kamarineuvos Herman Rosenberg -stipendiaattina puolestaan hänen matkansa suuntautui Wieniin ja Saksaan, mistä hän teki 1913 kiertomatkan Kreetalle ja Vähään-Asiaan. 
Ilmeisesti Kreetalle 1913 tehdystä matkasta innoittuneena Sundwall liittyi niiden muinaistutkijoiden joukkoon, jotka yrittivät tulkita sekä yhä ratkaisemattomaksi jäänyttä lineaari-A-kirjoitusta että 1950-luvulla englantilaisten ansiosta avautunutta kreikankielistä lineaari-B-kirjoitusta. 
Heinäkuussa 1913 Nordström vieraili Zürichissä. 
Hän tuli aliupseeriksi Henkivartioväen Suomen tarkk ’ampujapataljoonan 4. komppaniaan 14.3.1857. 
Hän aloitti sotilasuransa vapaaehtoisena Suomen Rakuunarykmentissä. 
Karl Fredrik Slotte pääsi ylioppilaaksi 1867 ja maisteriksi kuusi vuotta myöhemmin.
Yliopistoon Carlsson kirjoittautui syksyllä 1856.
Ylioppilaaksi tultuaan Lorenz Achté opiskeli teologiaa ja filosofiaa yliopistossa Helsingissä ja musiikkia eri ottein Saksassa.
Samana vuonna hän siirtyi Helsinkiin ja kirjoittautui yliopisto-opiskelijaksi. 
Päästyään ylioppilaaksi keväällä 1886 hän valitsi kuitenkin perinteisen yliopisto-opintojen tien ja jatkoi lukuja fyysis-matemaattisessa osastossa pääaineenaan kemia. 
Alma Söderhjelm tuli ylioppilaaksi 1889.
Suoritettuaan ylioppilastutkinnon ja asevelvollisuuden Erik Dahlström kirjoittautui 1898 opiskelemaan yliopistoon Helsinkiin. 
Axel Olai Heikel opiskeli ylioppilaaksi tultuaan filosofiaa, estetiikkaa ja kirjallisuushistoriaa, mutta kiinnostui myös kansankulttuurin tutkimuksesta ja teki opiskeluaikanaan useita kansatieteellisiä keruumatkoja.
Hän kirjoitti ylioppilaaksi 1853 ja valmistui filosofian maisteriksi priimuksena 1860.
Rafael Hertzberg pääsi ylioppilaaksi 1865, valmistui filosofian kandidaatiksi 1872 ja lisensiaatiksi 1889 väitöskirjallaan Vidskepelsen i Finland på 1600-talet.
Muutama vuosi ylioppilaaksitulonsa jälkeen hän lähti Evon metsäkouluun ja suoritti 1876 metsänhoitajan eli silloisen metsäkonduktöörin tutkinnon.
August Nybergh tuli ylioppilaaksi 1868 ja suoritti oikeustutkinnon 1876.
K. E. Palmén työskenteli merimiehenä kolmella merimatkalla 1871, 1872 ja 1875–1876, ennen kuin hän lähti opiskelemaan Polyteknilliseen kouluun. 
Hän perusti Mustialaan maatalousmuseon, johon hän keräsi vanhoja työkaluja ja koneita. Keruutoiminta jatkui myöhemminkin hänen ollessaan professorina sekä Valtion maanviljelystaloudellisen koelaitoksen johtajana Tikkurilassa.
Sandbergin muutto kohti etelää alkoi 1920-luvun puolivälissä, ensin Mikkelin maalaiskuntaan, sitten Helsinkiin.
Vaikka hän muutti Helsinkiin, hän ei lopettanut toimintaansa Forssan hyväksi. 
Hän lähti Vaasasta kesäkuun 1891 lopulla.
Muutettuaan Oulusta 1919 hän antoi Kastreenin peltoina tunnetun alueen viljelijöilleen.
Eläkkeelle 1937 siirryttyään hän muutti Tukholmaan, missä hän sotavuosina teki uhrautuvaa työtä Suomen asian hyväksi. 
Keskusseuran kanslia avattiin kesäkuussa 1929 Lönnrotinkadulla Helsingissä, minne Elfving muutti Tammisaaresta. 
Sodan päätyttyä Sundwall siirtyi Berliinistä joksikin aikaa Uppsalaan.
Wichmann siirtyi Ruotsiin, missä hän toimi historian ja maantiedon lehtorina Tukholman Palmgrenska skolanissa, kasvatusopin ja filosofian lehtorina Åhlinska flickskolanissa sekä uskonnon lehtorina Stockholms elementarläroverkissä. 
Vuonna 1895 hän muutti Turkuun ensin lääninsairaalan alilääkäriksi ja sitten saman sairaalan ylilääkäriksi 1899, missä virassa hän pysyi eläkkeelle jäämisensä asti 1928.
Vuonna 1891 hän järjesti ensimmäisen ja ainoaksi jääneen yksityisnäyttelynsä Helsingissä.
Wichmann teki valtionstipendin turvin useita opintomatkoja, muun muassa 1886 Saksaan, Sveitsiin ja Itävaltaan sekä 1909 Italiaan ja Saksaan, missä hän kävi katsomassa pääsiäisen kärsimysnäytelmän Oberammergaussa.
Taideopinnot ulkomailla tulivat mahdollisiksi valtion myöntämän stipendin ansiosta 1876.
Isän kuolema 1874 katkaisi yliopisto-opinnot kokonaan kahdeksi vuodeksi, sillä vastuu perheestä pakotti Emma Irene Åströmin hyväksymään Cygnaeuksen ehdottaman Tammisaaren seminaarinopettajan toimen. 
Niin ikään seuraavana vuonna, saatuaan nimityksen sisätautien dosentiksi, Sievers lähti opintomatkalle, jolla hän tutustui Saksan, Böömin ja Sveitsin keuhkotautiparantoloihin. 
Skandinaviaan, Saksaan, Belgiaan ja Ranskaan 1879–1880 suoritettu pitkä opintomatka tuottikin hyvää hedelmää. 
Fysikaalisen kemian tutkimukseen paneutunut Rindell tekikin 1896 uuden opintomatkan Saksaan. 
Opintomatkat suuntautuivat 1891–1892 Skandinavian maihin, Saksaan ja Sveitsiin. 
Siihen liittyi myös uusi opintomatka ulkomaille eli Berliiniin 1909–1910.
Vuodet 1895–1898 hän opiskeli venäjän kielen stipendiaattina Moskovassa ja kokosi samalla aineistoa kansansatuja käsittelevää väitöskirjaansa varten. 
Ylioppilaaksi 1894 kirjoittanut nuorukainen opiskeli geologiaa yliopistossa Helsingissä ja osallistui vuosien ajan geologisen toimikunnan tutkimuksiin ympäri Suomea.
Lakimiehen uran valinnut George Fredrik Granfelt opiskeli ajalleen harvinaiseen tapaan myös ulkomailla, Ranskassa, Sveitsissä sekä Saksassa, ja jatkoi opintojaan aina molempien oikeuksien lisensiaatiksi ja tohtoriksi asti. 
Opiskeltuaan puolen vuoden ajan Tukholmassa hän valmistui lääketieteen lisensiaatiksi 1883 ja lääketieteen ja kirurgian tohtoriksi 1886.
Valmistumisensa jälkeen 1886–1887 Sievers opiskeli Keski-Euroopassa.
Tultuaan 1877 filosofian kandidaatiksi ja maisteriksi kasvitiede pääaineena hän harjoitti maatalousopintoja Kööpenhaminan maatalouskorkeakoulussa Tanskassa, jonka viljely- ja varsinkin maitotalousoloista otettiin Suomessa paljon oppia.
Vanhaan Steniusten pappissukuun kuulunut Edvard Stenij opiskeli aluksi itämaiden kirjallisuutta muun muassa Leipzigissa ja Pietarissa. Sittemmin Stenij suoritti myös teologisia tutkintoja.
Opiskelu yliopistossa vaihtui muutaman vuoden jälkeen metsäalan opintoihin Evon metsäopistossa, josta Elfving valmistui metsänhoitajaksi 1898.
Alfred Emil kävi koulua Vaasassa, ja kun hänestä tuli pappi, hän palasi koulukaupunkiinsa, jossa teki päivätyönsä vankilapappina ja oppikoulun opettajana kuolemaansa saakka. 
..osallistui itse vapaussotaan Rovaniemen seudulla.
Vapaussodassa peitenimeä Örnflykt käyttänyt Tunzelman osallistui Ruukin ja Oulun taisteluihin sekä epäonnistuneeseen hyökkäykseen Heinolaan, mutta ei saanut ylipäällikkö Gustaf Mannerheimilta rintamakomentajan tehtäviä, vaan palveli sekä Savon rintaman että itäarmeijan esikuntapäällikkönä. 
Palattuaan kotimaahan 1889 hän nosti Finska Läkaresällskapetin kokouksessa esille tarpeen tuberkuloosiparantolan perustamisesta.
Palattuaan tuomioistuinharjoittelusta Vaasasta von Willebrand tavoitteli virkauraa senaatista mutta ei saanut vakituista virkaa. 
Palattuaan Weimarista Frosterus toimi sisustussuunnittelijana ja kirjoittajana.
Suomeen paluun jälkeiset vuodet olivat Nordströmille henkilökohtaisesti työteliäitä, mutta tieteenhistorian lehdiltä hän katoaa 1919.
"Palatessaan Suomeen Berndtsonin sanottiin olevan ""parantumattomasti sairas"", ja seuraavat vuodet hän eristäytyi hoitaakseen sairauttaan monissa koti- ja ulkomaisissa terveyskylpylöissä."
Nybergh oleskeli Tukholmassa, kunnes palasi Suomeen joulukuussa 1904 tultuaan valituksi Helsingin kaupungin edustajaksi porvarissäätyyn vuosien 1904–1905 valtiopäiville. Tammikuussa 1905 hänelle myönnettiin oikeus jäädä pysyvästi Suomeen.
Palattuaan kotimaahan kesällä 1905 hän osallistui aktiivisesti valtiopolitiikkaan, ja hänet valittiin Vaasan läänin pohjoisesta vaalipiiristä Ruotsalaisen Kansanpuolueen kansanedustajaksi 1908–1909. 
Tämän jälkeen, vuodesta 1902, hän palveli upseerina Venäjän keisarillisessa armeijassa muun muassa Narvassa, Varsovassa, Moskovassa ja Turkestanissa. 
Ensimmäisen maailmansodan sytyttyä hän oli esikuntatehtävissä, viimeksi Novgorodin jalkaväkirykmentin komentajana.
"Hänen avioliittonsa kasvatus- ja opetusopin professori Zacharias Cleven tyttären Helenan kanssa oli onnellinen; pariskunnalle syntyi poika, Väinö Krohn 1891."
Hänet koulutettiin kuitenkin ylioppilaaksi, ja päästötodistuksen hän sai 1870 Svenska normallyceumista.
Tuona aikana sairaus sai hänestä uuden otteen, eikä hän enää toipunut. 
Vuosina 1892–1893 sairaslomalla olleen Berndtsonin sijaisena piirustuskoulun opettajan tehtävässä oli hänen erityisestä anomuksestaan Helene Schjerfbeck.
Karl Fredrik Slotte syntyi talonpoikaissäädyn puhemiehen Carl Johan Slotten ja Anna Elisabet Varilan esikoisena syksyllä 1848.
Hän syntyi 1849 Lapin pitäjässä Varsinais-Suomen ja Satakunnan rajamailla, missä hänen isänsä oli kirkkoherra. 
Axel Olai Heikel oli syntynyt pappisperheeseen Ahvenanmaalla Brändössä. 
Viktor Karl Emil Wichmann syntyi Lumijoella kappalaisen poikana.
Karl Evert Palmén syntyi tunnettuun (Palmén-suku) tiedemiessukuun Helsingissä.
Reinhold Felix von Willebrand syntyi patologian professorin Knut Felix von Willebrandin ja Anna Sofia Jaenischin perheeseen, jossa oli kaikkiaan viisi lasta. 
Alfred Emil Ingman syntyi 1860 Kyläkarvian kappalaisen poikana. 
Historiantutkija Carl von Bonsdorff syntyi laajaan akateemiseen (Bonsdorff) sukuun, jossa oli ollut professoreita edellisissä sukupolvissa 1700-luvulta lähtien ja jossa heitä oli myös myöhemmissä polvissa. Carl Gabriel syntyi piirilääkäri Carl Edvard ja Hilda Fredrika von Bonsdorffin perheeseen Kangasalla 1862.
Gustaf Adolf Bredenberg syntyi Länsi-Uudellamaalla Bromarvin Östanbergissä merikapteenin kahdeksanlapsisen perheen kolmantena lapsena. 
Tämä merkittävän kansainvälisen uran luonut suomalainen tutkija syntyi 1881. 
Vaasassa 1872 syntynyt Karl Oskar Elfving jäi yksin äitinsä hoiviin jo alle neljävuotiaana, kun hänen isänsä, Vaasan pormestari Karl Oskar Elfving, kuoli vain 40-vuotiaana keväällä 1876.
Uudessakaarlepyyssä seminaarinjohtaja Fredrik Wilhelm Sundwallin poikana syntynyt ja Helsingissä ylioppilaaksi valmistunut Johannes Sundwall opiskeli vuodesta 1895 alkaen Helsingin Keisarillisessa Aleksanterin yliopistossa klassisia kieliä opettajinaan latinisti F. V. Gustafsson ja gresisti I. A. Heikel. 
Kouluaikainen kiinnostus luonnontieteisiin sai nuoren Richardin liittymään Societas pro Fauna et Flora Fennica -yhdistykseen ja tekemään 1872–1876 apurahojen turvin muun muassa Ahvenanmaalle ja Vienan Karjalaan tutkimusmatkoja, joilla kartoitettiin alueiden eläinkuntaa.
Matka oli ollut samalla kertaa tutkimusmatka ja Heikelin ja oululaisen kauppiaantyttären Maria Castrénin häämatka.
Heikelin volgansuomalaisia koskevat aineistot olivat kolmen tutkimusretken (1883–1885) tulosta, mutta retket eivät suinkaan olleet ainoita. 
Arkeologian pääaineekseen yliopistossa valinnut Heikel teki tutkimusmatkoja Siperiaan ja Mongoliaan saakka Suomen suvun oletetuille muinaisille asuinsijoille.
Myöhemmin Heikel matkusteli vielä Itämeren maakunnissa
Alma Söderhjelm väitteli 1900 teoksellaan, joka käsitteli vallankumouksen lehdistöoloja vuoteen 1794. 
Karl Magnus Emil Brummer suoritti ylioppilastutkinnon Helsingissä 2.10.1855.
Hän suoritti jumaluusopillisen erotutkinnon puolessatoista vuodessa ja pappistutkinnon Turun tuomiokapitulissa loppusyksyllä 1858.
Filosofian tohtorin arvon hän sai 1869 niin ikään priimuksena väitöskirjallaan Om kunskapens möjligmet (1867).
Saatuaan 1874 valmiiksi filosofian kandidaatin tutkinnon, johon sisältyivät arvosanat eläin- ja kasvitieteessä, ja työskenneltyään myös yliopiston eläintieteellisen museon amanuenssina Sievers päätti kuitenkin suuntautua lääketieteen alalle.
Hän suoritti lääketieteen kandidaatin tutkinnon 1879. 
Rindell saattoi väitellä pian tohtoriksi ja ryhtyä soveltamaan uusia näkemyksiään siitä, miten koetoiminta Mustialassa ja laajemminkin olisi järjestettävä.
Hän opiskeli menestyksellisesti ja valmistui filosofian kandidaatiksi 1882.
Seitsemän vuotta myöhemmin, 1875, hän suoritti ylioppilastutkinnon ja alkoi saman vuoden syksyllä opiskella yliopistossa ensimmäisenä tavoitteenaan maisterin tutkinto filosofisen tiedekunnan historiallis-kielitieteellisessä osastossa. 
Opinnot sujuivat joutuisasti, ja 17.12.1880 oli edessä professori C. G. Estlanderin pitämä julkinen kuulustelu, minkä jälkeen hän saattoi kutsua itseään filosofian kandidaatiksi.
Maisterinarvo seurasi promootiossa kaksi vuotta myöhemmin.
Hän sai molempain oikeuksien kandidaatin arvon toukokuussa 1888 ja ilmoittautui auskultantiksi Vaasan hovioikeuteen.
Carl von Bonsdorff valmistui kandidaatiksi 1884 ja väitteli tohtoriksi 1887 kuningatar Kristiinan aikaisia läänityksiä ja lahjoituksia koskevalla väitöskirjalla, jota varten hän oli tehnyt Ruotsissa tutkimuksia. 
Hän hankkiutui kuitenkin välillä opiskelemaan myös Mustialan maatalousopistoon, josta valmistui agronomiksi 1890. 
 Yliopistollinen filosofian kandidaatin tutkinto kypsyi valmiiksi pian perässä eli 1891. 
Kööpenhaminan eläinlääketieteellisessä ja maataloustieteellisessä korkeakoulussa Bredenberg suoritti meijeri- ja kotieläinopin tutkinnonkin 1892.
Hän valmistui ylioppilaaksi 1889 Porin yksityislyseosta ja filosofian kandidaatiksi Aleksanterin yliopistosta 1893.
"Aarne väitteli filosofian tohtoriksi 1907; hän oli tällöin jo 39-vuotias."
Hän valmistui 1896 ylioppilaaksi Nya svenska läroverketistä ja 1899 filosofian maisteriksi pääaineinaan taidehistoria ja nykyiskansain kirjallisuus. 
Tämän jälkeen seurasi arkkitehdin tutkinto Polyteknillisessä opistossa 1902 Gustaf Nyströmin johdolla.
Frosterus väitteli 1920 tohtoriksi tutkimuksellaan Färgproblemet i måleriet.
Saksassa Sundwall valmisteli myös väitöskirjaansa Johannes Kirchnerin (1859–1940) Prosopographia Attica -teoksessa julkaistujen piirtokirjoitusten pohjalta ja innoittamina.
Nordströmin väitöskirja liikkuvien kappaleiden sähkömagneettisen kentän energiayhtälöstä (1908) on oiva osoitus Göttingenissä saaduista vaikutteista. 
Vuonna 1899 hän sitten puolusti niin sanottua professorinväitöskirjaa Untersuchungen über die Löslichkeit einiger Kalkphosphate. 
Helsingin Normallyceumissa 1892 suoritetun ylioppilastutkinnon jälkeen K. O. Elfving aloitti luonnontieteiden opinnot yliopistossa.
Valmistuttuaan lääketieteen lisensiaatiksi 1892 hän toimi sukunsa kotikaupungissa Porvoossa yksityislääkärinä vuoden, mutta lähti sitten ensin Mäntyharjulle ja sieltä assistenttilääkäriksi Helsingin yleisen sairaalan kirurgiselle osastolle 1894.
Filosofian kandidaatiksi valmistuttuaan hän jatkoi historian opintoja Münchenissä ja Berliinissä, missä antiikin historiantutkimus ja epigrafiikka eli piirtokirjoitusten tutkimus kukoistivat.
Hän valmistui 1905 filosofian kandidaatiksi (vihittiin maisteriksi 1907) ja lähti sitten opettajansa Hjalmar Tallqvistin innostamana Göttingeniin opiskellakseen Uusmaalaisen osakunnan stipendiaattina fysikaalista kemiaa Walter Nernstin johdolla.
Filosofian kandidaatin tutkinnon jälkeen hän kuitenkin jäi virkaatekeväksi laboraattoriksi yliopistoon ja aloitti tieteellisen julkaisutoimintansa.
Heikel väitteli tohtoriksi 1885, ja hänet nimitettiin Kreikan kirjallisuuden dosentiksi ja 1888 professoriksi.
Väiteltyään 1906 Sundwall nimitettiin seuraavana vuonna Aleksanterin yliopiston antiikin historian dosentiksi.
"Vuosi 1888 oli Krohnin elämän dramaattisin: hän väitteli tohtoriksi, sai nimityksen suomalaisen ja vertailevan kansanrunoudentutkimuksen dosentiksi, meni naimisiin Helena Cleven (1864–1945) kanssa ja menetti rakastamansa ja kunnioittamansa isän; Julius Krohn hukkui purjehdusmatkalla Viipurinlahteen 53-vuotiaana. "
"Yliopistossa hänen pääaineensa oli yleinen historia; kandidaatintutkinnon suoritettuaan hän oli lyhyen ajan opettajana."
Valmistuttuaan tohtoriksi Granfelt toimi Vaasan Osakepankin johtokunnan jäsenenä, kunnes hän tammikuussa 1907 matkusti Kööpenhaminaan tutkiakseen vakuutusalaa. 
Tytär Karin solmi avioliiton ministeri Henrik Ramsayn kanssa ja toimi Suomen Punaisessa Ristissä.
Vuodet 1916–1919 Nordström vietti Leidenissä Rosenbergin stipendin turvin. Siellä hän työskenteli huippuluokan teoreettisista fyysikoista muodostuvassa yhteisössä, johon kuuluivat sellaiset tutkijat kuin H. A. Lorentz, P. Ehrenfest, W. de Sitter, A. D. Fokker. 
Brummer valmistui Nikolain yleisesikunta-akatemiasta 30.7.1863, ja hänet komennettiin Nikolain insinööriopiston konduktöörikomppaniaan. 
Hän valmistui 1879 koneinsinööriksi ja filosofian maisteriksi 1882, minkä jälkeen hän toimi teoreettisen mekaniikan ja matematiikan tutkijana Tukholman korkeakoulussa. 
Anjalan Wredebystä lähtöisin oleva vapaaherra Karl August Wrede opiskeli taidekaupunkina tunnetun Dresdenin kuninkaallisessa polyteknikumissa ja valmistui arkkitehdiksi 1882.
Kaarlo Viktor Hurmerinta kävi koulunsa Hämeenlinnassa ja valmistui ylioppilaaksi 1890. 
Von Willebrandin sanotaan kiinnostuneen urheilusta erityisesti siksi, että hänen vanhin veljensä Viktor menehtyi ennenaikaisesti keuhkotuberkuloosiin 1880, vain 26-vuotiaana.
vihittiin papiksi 3.4.1862
Vihittiin papiksi 30.7.1865, määrättiin Lappeen kirkkoherran apulaiseksi.
Vihittiin papiksi Porvoossa 10.2.1874, määrättiin Saarijärven kirkkoherran apulaiseksi
vihittiin papiksi 31.7.1867, määrättiin Haukiputaan kappalaisen apulaiseksi
Se hyväksyttiin, ja ainoana hakijana Rindell sai viran vuoden 1900 alussa. 
Hän ryhtyi myös opettamaan nuoria taiteilijoita, muiden muassa Magnus Enckelliä, Väinö Blomstedtia, Beda Stjernschantzia ja Ellen Thesleffiä, mikä johti 1891 opettajantoimeen Suomen Taideyhdistyksen piirustuskoulussa. Lisäksi hänet nimitettiin Ateneumin tärkeisiin palkinto- ja hankintalautakuntiin.
Suomen Tiedeseuraan hänet kutsuttiin 1908. Yhdysvaltain sekä Baltian maiden suoviljelysyhdistykset kutsuivat hänet kunniajäsenekseen.
Ensimmäiseen papinvirkaansa hänet määrättiin Pirkkalan kirkkoherran apulaiseksi.
Wilhelm Carlsson valittiin 1865 vastaperustetun Jämijärven kappeliseurakunnan kappalaiseksi. 
Neljännenkymmenennen ikävuoden juuri sivuuttanut Wilhelm Carlsson haki 1874 Nastolan kirkkoherran virkaa ja tuli valituksi. 
Lorenz Achté toimi vuodesta 1881 Helsingin Vanhan kirkon kanttorina ja vuodesta 1882 oman lukkari- ja urkurikoulunsa johtajana. 
Thiodolf Rein valittiin filosofian professoriksi J. V. Snellmanin jälkeen 1869 pitkän ja kiistellyn prosessin jälkeen.
Yliopiston sijaiskanslerina vuodesta 1896 Rein pyrki luonteenomaiseen tapaansa sovittelemaan ja pehmentämään yleisvaltakunnallistamispyrkimyksiä.
Olojen rauhoituttua 1906 Rein nimitettiin virkaan uudelleen, ja hän hoiti sitä vielä vuoteen 1910.
..1875 sen päätoimittaja Robert Lagerborg palkkasi hänet Emil Nervanderin seuraajaksi vakinaiseksi kirjallisuus-, teatteri- ja taidekriitikoksi.
..päätoimittaja Arthur Frenckell tarjosi hänelle huhtikuussa 1890 vakinaista virkaa lähinnä kirjallisuuskriitikkona.
Ulkomaanmatkansa ja kirjansa ansiosta Slotte nimitettiin Helsingin polyteknillisen opiston vanhemmaksi fysiikan opettajaksi 1882.
Sandberg nimitettiin ensin sotilas- ja siviilivirkakunnan puustellien metsien hoitajaksi Viipurin lääniin, mutta hän sai 1880 siirron Metsähallituksen leipiin, Kemijärven hoitokunnan metsänhoitajaksi.
Sieltä hän siirtyi puolen vuosikymmenen jälkeen Tornion hoitokuntaan. 
Hän otti 1894 eron valtion metsänhoitotehtävistä ja siirtyi yksityisen sektorin palvelukseen, Puutavaraosakeyhtiö Kemin metsäpäälliköksi. 
Tässä tehtävässä hän oli pari vuosikymmentä ja hoiti samalla Kemijoen uittoyhdistyksen uittopäällikön tehtävää.
Suomen Luterilaisen Evankeliumiyhdistyksen ensimmäisenä nimettynä johtajana Bäck toimi viisi vuotta 1884–1889 ennen kuin siirtyi Tyrvään kirkkoherraksi.
Heikelistä tuli ulkomuseosuunnitelmien intomielinen toteuttaja ja museon ensimmäinen intendentti 1917.
Kun korkein oikeus perustettiin 1918, Nyberghistä tuli sen ensimmäinen presidentti.
Tämän jälkeen hän toimi Viipurin hovioikeudessa, jossa yleni asessoriksi 1890. 
Viipurin kaupungin rahatoimikamarin sihteerinä ja kaupungin asiamiehenä Nybergh toimi 1880–1888.
Vuoden 1892 alusta hänet kutsuttiin lainvalmistelukunnan nuoremmaksi jäseneksi, ja 1898 hänet nimitettiin senaattoriksi oikeusosastoon. 
Hänet siirrettiin joksikin aikaa talousosastoon, mutta palautettiin taas vuoden 1899 lopussa oikeusosastoon.
Suurlakon jälkeen hänet nimitettiin 1905 uudelleen senaattoriksi senaatin talousosastoon, jossa hän toimi oikeustoimituskunnan päällikkönä ja joutui huolehtimaan laillisuuden palauttamisesta.
Tämän jälkeen Nybergh toimi lainvalmistelukunnan jäsenenä vuoteen 1914, jolloin lainvalmistelukunta lakkautettiin.
Venäjän vallankumouksen jälkeen maaliskuussa 1917 hänet nimitettiin senaatin oikeusosaston varapuheenjohtajaksi, ja kun osasto muutettiin 1918 korkeimmaksi oikeudeksi, hänestä tuli sen ensimmäinen presidentti.
Sievers toimi parantolan johtokunnan puheenjohtajana vuoteen 1928 saakka.
Grotenfelt voitti ja siirtyi professoriksi Helsinkiin 1901. Vuonna 1906 virka muutettiin maanviljelysopin professuuriksi. Lisäksi Grotenfelt oli Valtion maanviljelystaloudellisen koelaitoksen kasvinviljelysosaston johtaja 1904–1912.
Kun eksegetiikan professuuri sitten jaettiin kahtia, hänestä tuli 1902 ensimmäinen Uuden testamentin eksegetiikan professori.
Hän jatkoi kesällä 1883 tutkimuksiaan Zürichin Polyteknisessä koulussa.
Palmén siirtyi saman vuoden loppupuolella Suomeen Polyteknillisen opiston opettajaksi ja eteni lyhyessä ajassa opiston vararehtoriksi.
"Vapaaherra Palmén toimi valtiopäiväedustajana 1888–1906. Senaatti valitsi hänet jäseneksi useisiin komiteoihin, jotka tutkivat muun muassa ""korkeamman kauppaopiston"" perustamista Suomeen, kulkunopeuden lisäämistä valtion rautateillä ja edellytyksiä kotimaisen veturituotannon aloittamiseksi."
Palmén aloitti tekstiilialalla toimineen Forssa Ab:n palveluksessa 1899.
Joulukuussa 1890 hän sai varatuomarin arvon. 
Yliopisto toimi ripeästi ja määräsi pojan hoitamaan isältä vapautunutta suomen kielen ja kirjallisuuden professuuria kaudeksi 1889–1891.
 Seuraavana vuonna hänet nimitettiin Viipurin hovioikeuden asessoriksi ja 1914 Turun hovioikeuden jäseneksi, missä virassa hän oli kuolemaansa saakka.
Tuoreelle agronomi-maisterille löytyi tuota pikaa kotieläin- ja meijeriopin opettajan virka Virolahden Harjun maanviljelys- ja maamieskoulusta. 
Kolmen vuoden kuluttua oltuaan ensin lyhyen jakson opettajana vanhassa oppilaitoksessaan Mustialassa hänestä tuli Karjalan Kurkijoen maanviljelyskoulun meijeriopin opettaja. 
Bredenberg palasi 1901 Mustialaan meijeriopin opettajaksi, ja siellä oli seuraavana vuonna Enckellkin virkaatekevänä johtajana.
Aikansa maatalousoppilaitoksia kiertänyt Bredenberg sai 1903 nimityksen valtion voilaboratorion johtajaksi Hankoon. 
Tämä tulikin omien sanojensa mukaan ylipuhutuksi ja ryhtyi 1907 hoitamaan uutta meijeriopin apulaisen virkaa. 
Tiedekunnaksi muuttuvan maanviljelys-taloudellisen osaston virkojen uudelleenjärjestelyssä 1920-luvun alussa Bredenbergistä tuli meijeriopin ylimääräinen professori 1921, ja samana vuonna hän sai myös assistentin avukseen.
Arthur Castrén valittiin kielitaistelun kärjistämässä tilanteessa ruotsinkielisten ehdokkaana Oulun kunnallispormestariksi 1896. 
Venäläistämistoimien alettua uudelleen Castrén tunsi virka-asemansa jälleen epävarmaksi, minkä vuoksi hän haki oikeuspormestarin virkaa, ja hänet nimitettiin uuteen toimeensa 1908. 
Marraskuun lopulla 1917 Arthur Castrén nimitettiin itsenäisyyssenaatin jäseneksi hoitamaan sisäasian toimituskunnan päällikön tehtäviä. 
Arthur Castrénista tuli 1921 Helsingin kaupunginjohtaja. 
Viisi vuotta myöhemmin hän sai pappisvihkimyksen, minkä jälkeen hän toimi ylimääräisenä pappina Tammelassa, Janakkalassa, Pirkkalassa ja Humppilassa, jonka kirkkoherran virkaan hän astui 1902 seurakunnan itsenäistyttyä.
Humppilasta Hurmerinta siirtyi 1908 kappalaiseksi Sörnäisten suomalaiseen seurakuntaan Helsinkiin, missä hänen voi sanoa tehneen varsinaisen elämäntyönsä.
Raittiusväki kuitenkin luotti häneen edelleen, ja 1931 hän palasi järjestön johtoon vielä kuudeksi vuodeksi, vaikka kieltolaki kumottiin kansanäänestyksessä saman vuoden joulukuussa.
Suomen ensimmäinen naisprofessori hänestä tuli, kun hänet nimitettiin 1927 Åbo Akademin yleisen historian ylimääräiseksi professoriksi.
Yliopistoura, joka oli ollut kauan taka-alalla, nousi uudestaan esille, ja Alma Söderhjelmistä tuli lopulta professori.
Uudessa Suomettaressa Katila nousi nopeasti musiikin pääkriitikoksi ja 1904 myös toimitussihteeriksi, joka editoi toisten toimittajien tekstejä ja päätti niiden painoarvosta.
Tilanne muuttui, kun hänet valittiin Suomalaisen Oopperan johtokunnan neuvottelevaksi jäseneksi 1914.
Katila siirtyi 1919 Päivälehden perintöä jatkaneen Helsingin Sanomien ensimmäiseksi toimitussihteeriksi ja musiikkiarvostelijaksi.
Kuopion läänin maaherraksi 1918 nimitetty, kokoomuspuolueeseen lukeutunut Ignatius toimi Kyösti Kallion toisen hallituksen sisäministerinä 1925–1926.
Vasta vallankumousvuonna 1917 hän sai nimityksen asessoriksi
Kun venäläismielisiä kuvernöörejä maan itsenäistyttyä korvattiin uusilla viranhaltijoilla, Ignatius nimitettiin 1918 Kuopion läänin maaherraksi, jossa tehtävässä hän toimi eläkkeelle jäämiseensä 1940 saakka.
Kallion hallitus istui vain vajaan vuoden, minkä jälkeen Ignatius palasi hoitamaan maaherran virkaansa. 
Sotavuodet kuluivatkin suurimmaksi osaksi Berliinissä, missä hän osallistui 1914–1916 jääkäriliikkeen toimintaan Fritz Wetterhoffin avustajana jääkärien koulutusta organisoitaessa.
Opetettuaan ensin kolme vuotta latinaa juuri perustetussa Åbo Akademissa ja toimittuaan siellä 1919 lähtien antiikin historian henkilökohtaisena professorina Sundwall sai 1921 nimityksen antiikin historian sekä roomalaisen ja kreikkalaisen kirjallisuuden professoriksi.
Sukutaustaltaan baltiansaksalainen Alexander Tunzelman von Adlerflug oli yksi niistä merkittävistä Venäjän armeijassa palvelleista upseereista, jotka 1918 siirtyivät itsenäisen Suomen armeijan johtotehtäviin.
Suomen armeijassa keskeisillä paikoilla 1918 olleiden saksalaisten upseerien jouduttua joulukuussa poistumaan maasta Tunzelmanin esikuntaupseerin kokemusta käytettiin kuitenkin hyväksi, ja hänestä tuli yleisesikunnan vt. päällikkö.
Toimiessaan 2. divisioonan komentajana Viipurissa Tunzelman määrättiin 1919 toteutetun Aunuksen retken johtajaksi. 
"Tämän jälkeen Tunzelman toimi kolme vuotta puolustusministeriön erityistehtävissä ennen lopullista eroaan armeijasta; tässä yhteydessä hänet ylennettiin kenraaliluutnantiksi."
Nordström haki kyseistä virkaa, mutta päätyi ottamaan vastaan turvatumman aseman Helsingin Teknillisen korkeakoulun fysiikan professorina 1918 lähtien.
Hänestä tuli 1920 Teknillisen korkeakoulun mekaniikan professori. 
"Kaarle Krohn nimitettiin 1898 kansanrunoudentutkimuksen ylimääräiseksi ja 1908 saman oppiaineen varsinaiseksi professoriksi; eläkkeelle hän jäi 1928."
Virolahdelta hän siirtyi jo 1894 Inkooseen Västankvarnin kansanopiston johtajaksi ja tilanhoitajaksi sekä kansanopistoon kuuluvan karjanhoitokoulun johtajaksi.
Lisäksi hän toimi useiden koulujen musiikinopettajana.
Suomen itsenäistymisen jälkeen hän toimi kunnallislautakunnan jäsenenä Rovaniemellä ja pian sen jälkeen, tavallaan viimeisenä virkatehtävänä, hän oli metsähallituksen organisaatiota uudistaneessa toimikunnassa. 
Hän oli porvarissäädyn edustajana valtiopäivillä 1894 ja 1897 sekä 1904–1905. Kaksilla ensin mainituilla valtiopäivillä hän myös toimi säädyn varapuhemiehenä. Yksikamarisessa eduskunnassa hän edusti Ruotsalaista Kansanpuoluetta 1910–1913. Aina ollessaan valtiopäivä- tai kansanedustajana hän kuului lakivaliokuntaan jäsenenä tai puheenjohtajana. Lisäksi hän toimi rikoslakivaliokunnan sihteerinä 1888.
Sievers toimi yhdistyksen puheenjohtajana aina vuoteen 1928, jolloin maassa oli jo yli 1 500 parantolapaikkaa ja tuberkuloosihuoltopiirien verkosto kattoi suuren osan maasta.
Varsinaisessa lääkärintyössään Sievers toimi yksityispraktiikkansa ohella Helsingin diakonissalaitoksen sairaalan ylilääkärinä 1890–1893 ja Marian sairaalan ylilääkärinä 1895–1906. 
Erottamisensa jälkeen Sievers hoiti sisätautien opetusta lääketieteen poliklinikalla 1911–1916. Hän työskenteli 1911–1927 Helsingin ruotsinkielisten kansakoulujen lääkärinä ja vuodesta 1914 lähtien myös henkivakuutusyhtiö Kalevan ylilääkärinä. Hallitus antoi 1918 hänen tehtäväkseen sisällissodan vankileirien sairaanhoidon organisoinnin ja johdon. Sievers toimi myös Suomen yleisen lääkäriliiton, Tieteellisten seurain valtuuskunnan ja Raajarikkoisten Auttamisyhdistyksen johtotehtävissä. Hän oli Finska Läkaresällskapets Handlingar -sarjan toimittaja 1913–1928.
Hän oli innokkaasti ollut valmistelemassa ruotsinkielisen Åbo Akademin perustamista ja toimi sen ensimmäisenä sijaiskanslerina. Samalla Rindell jatkoi erilaisissa tieteellisissä luottamustehtävissä Helsingissä, joten hänen kerrottiin olleen kaupunkien välisen pikajunan tunnetuimpia matkustajia.
Opiskeluaikanaan Wichmann työskenteli 1880-luvun alussa opettajan sijaisena, ja alasta tuli sittemmin hänen omansa.
Vastavalmistunut Wichmann määrättiin vuoden 1882 lopulla hoitamaan historian, maantiedon ja kasvatusopin va. lehtorinvirkaa Uudenkaarlepyyn kansakoulunopettajaseminaariin, mistä alkoi hänen yli 30-vuotinen toimintansa kaupungissa.
Lehtorin viran ohella Wichmann toimi seminaarin varajohtajana ja sen jälkeen johtajana 1912–1916. Lisäksi hän opetti Uudenkaarlepyyn alemmassa käsityökoulussa ja kaupungin ruotsalaisessa tyttökoulussa sekä osallistui 1902 kaupungin yksityisen poikakoulun perustamiseen.
Wichmann oli vähän aikaa 1883 lehtori Max Strömbergin alun perin julkaiseman ääriruotsalaiskansallisen Norra Postenin vastaavana toimittajana. 
Hänet valittiin 1885 myös Uudenkaarlepyyn kaupunginvaltuustoon, missä hän istui usean vuoden ajan ja oli sen sekä varapuheenjohtajana että sihteerinä.
Hän toimi myöhemmin 1918–1919 myös suomenruotsalaisilla kansankäräjillä.
Teologiseen tiedekuntaan perustettiin 1886 Pyhän Raamatun alkukielten apulaisen (sittemmin apulaisprofessorin) virka, jonka ensimmäiseksi haltijaksi Stenij valittiin kolme vuotta myöhemmin.
Insinööriksi ja filosofian maisteriksi valmistunut vapaaherra K. E. Palmén toimi Polyteknillisen opiston opettajana ja vararehtorina, ennen kuin hän aloitti puuvillatuotteita valmistavan Forssa Ab:n pääjohtajana 1899.
Von Willebrand harrasti aktiivisesti useita urheilulajeja ja toimi myös lukuisien järjestöjen johtajana. Pisimpään hän ilmeisesti toimi Helsingfors Gymnastikklubb -seurassa (HGK), johon hän liittyi marraskuussa 1883. 
Von Willebrand nimitettiin Helsingin Luistinklubi Osakeyhtiön (Ab Helsingfors Skridskoklubb) ensimmäiseksi puheenjohtajaksi.
Muista urheilujärjestöistä, joissa von Willebrand toimi aktiivisesti ennen kaikkea johtajana ja eräänlaisena mesenaattina, voidaan mainita Helsingin Soutuklubi (Helsingfors Roddklubb) ja Pohjoismainen Soutuliitto (Nordiska Roddförbundet) sekä Suomen ruotsinkielinen hiihtoliitto (Svenska Finlands Skidförbund).
"Urheilujärjestömiehenä von Willebrandin tunnetuimpia luottamustehtäviä lienevät jäsenyys Kansainvälisessä olympiakomiteassa (KOK) ja Suomen Olympiakomitean puheenjohtajuus; hän toimi Suomen olympiajoukkueen johtajana Lontoossa 1908 ja Tukholmassa 1912."
Ruotsalaiset Viktor Balk ja Clarence af Rosén ehdottivat von Willebrandia KOK:n jäseneksi jo 1907, mutta virallisesti hänet valittiin tehtävään vasta Lontoon olympialaisten yhteydessä 1908. 
Hän oli perustamassa Suomen Olympiakomiteaa joulukuussa 1907 ja toimi sen puheenjohtajana vuoteen 1919.
Samanaikaisesti hänet oli valittu ritariston ja aatelin edustajana useisiin valiokuntiin, ja valtiopäivillä hän hoiti lukuisia erityistehtäviä. 
Pari vuotta myöhemmin hänet nimitettiin sihteeriksi senaatin asettamaan elinkeinolakikomiteaan. 
Hän oli jäsenenä kaupunginvaltuustossa sekä kirkkoneuvostossa ja seurakuntajakokomiteassa, Kallion kirkon rakennuskomiteassa, puutarhalautakunnassa ja asemakaavatoimikunnassa. Jonkin aikaa hän toimi myös puutarhalautakunnan puheenjohtajana ja sai jälleen ottaa kantaa urheilukysymyksiin, kun pääkaupungin urheiluharrastajille oli järjestettävä ajanmukaiset urheilupaikat.
Von Willebrandin varhaisimmat lehtikirjoitukset Finsk Tidskriftiin ovat 1880-luvulta, jolloin hän toimi arvostelijana, erityisesti teatterikriitikkona 1884 - 1886. Julkaisijana hän aloitti 1895 yhdessä professori M. G. Schybergsonin kanssa, ja vuodesta 1907 hän vastasi julkaisemisesta yksin vuoteen 1931. Hän oli 1932 vielä kustantajana ja Holger Nohrström vastaavana toimittajana, mutta 1933 hänen nimensä poistui etusivulta.
Aatelissääty nimitti hänet 1894 varajäseneksi Antellin valtuuskuntaan. Suomen Taideyhdistyksessä hän toimi ensin sihteerinä vuoteen 1892 ja hallituksen jäsenenä vuodesta 1894. Von Willebrand valittiin 1906 Taideyhdistyksen puheenjohtajaksi, vaikkei hän tehtävää liiemmin toivonut.
Huomionosoitukseksi aktiivisesta toiminnastaan ruotsinkielisen kulttuurin alalla Reinhold Felix von Willebrand valittiin 1899 Svenska litteratursällskapetin hallitukseen, jossa hän istui vuoteen 1918, varapuheenjohtajana 1911–1918. V
Virkauransa K. A. Wrede teki yleisten rakennusten ylihallituksen ylimääräisenä arkkitehtina (1883–1887 ja uudelleen 1893–1918). 
Ingman toimi myös käsityöläisiltakoulun johtajana.
Yliopistovirkojensa lisäksi hän opetti helsinkiläisissä kouluissa 1930-luvulle saakka. 
Heikel toimi kahteen kertaan yliopiston rehtorina 1907 –1911 ja 1920 –1922 ja rehtorikausien välissä myös historiallis-kielitieteellisen osaston dekaanina.
Fazer oli Suomalaisen Oopperan johtajana sen perustamisesta alkaen vuoteen 1938 ja johtokunnan jäsen kuolemaansa asti 1943.
1880-luvulla hän toimi Helsingissä pianistina ja musiikkipedagogina
Lisäksi hän opiskeli ja toimi pianonsoiton opettajana Englannissa. 1890-luvulla Edvard Fazer konsertoi eri puolilla Eurooppaa ja toimi säestäjänä Charles Gregorowitchsin laajalla konserttikiertueella.
Fazer oli Suomalaisen Oopperan johtajana sen perustamisesta alkaen vuoteen 1938 ja johtokunnan jäsen kuolemaansa asti 1943. 
Hän oli aktiivisesti mukana perustettaessa 1910-luvulla Åbo Akademia  ja toimi muun muassa maakunta-arkistokomiteassa 1917.
Carl von Bonsdorffista tuli dosentti 1887 ja Suomen, Venäjän ja Pohjoismaiden historian ylimääräinen professori 1898. 
Oman virkansa ohella Stråhle toimi Turun Lääkäriseurassa, myös puheenjohtajana kahteen kertaan, ja hänen mainitaan osallistuneen kaupungin kunnallisiin, sivistyksellisiin ja taiteellisiin rientoihin.
Eduskuntauudistuksen jälkeen 1906 hänet valittiin kolme kertaa Ruotsalaisen Kansanpuolueen kansanedustajaksi. 
Hän oli eduskunnan valtiovarain-, laki- sekä työväenasiainvaliokunnan jäsen.
 Muun muassa Venäjän ulkoasiainministeriö valtuutti hänet toimimaan Suomen oikeutta koskevien kysymysten asiantuntijana Pietarissa sekä osallistumaan Haagin kansainvälisiin vekselioikeuskonferensseihin 1910 ja 1912.
Castrén jatkoi senaattorin tehtäviä myös toukokuussa nimitetyssä J. K. Paasikiven senaatissa marraskuun loppuun 1918.
Arthur Castrénin kaupunginjohtaja-aika päättyi 1936…
..elättääkseen itsensä ja perheensä Aarne opetti suomen kieltä ensin Kokkolan suomalaisessa yhteiskoulussa ja vuodesta 1902 Sortavalan reaalilyseossa.
Pääsy suomalaisen ja vertailevan kansanrunoudentutkimuksen dosentiksi 1911 ei ratkaissut ristiriitaa. 
Hän pystyi kuitenkin työskentelemään ulkomailla 1913–1914, muun muassa Saksassa, Ranskassa ja Englannissa.
Kokonaan tutkimukseen ja yliopisto-opetukseen hän pystyi omistautumaan vasta 1922, kun hänet nimitettiin Helsingin yliopiston ylimääräiseksi professoriksi.
Samaan aikaan hän oli harjoittelijana paikallisessa Suomen Yhdyspankin konttorissa.
Iwar Aminoff nimitettiin 11.3.1924 uudeksi puolustusministeriksi.
Hänen tärkeimmäksi työkentäkseen tuli kuitenkin raittiusyhdistysten kattojärjestö Raittiuden Ystävät, jonka puheenjohtajana hän toimi yhteensä 13 vuotta.
Sörnäisten kirkkoherraksi 1920 valittu Hurmerinta toimi virassaan kuolemaansa saakka 1941.
Varsinaisen virkansa ohella K. V. Hurmerinta toimi Sörnäisten vankilan saarnaajana sekä Kallion yhteiskoulun uskonnonopettajana. 
Perheensä, vanhemman veljensä professori Werner Söderhjelmin ja opettajansa J. R. Danielson-Kalmarin kannustamana Alma Söderhjelm työskenteli 1890-luvun lopussa kolme vuotta Pariisissa ja keräsi aineistoa Ranskan vallankumoukseen liittyvään tutkimukseen.
Elfving oli perustamassa 1931 Skogsbruket-lehteä, jonka päätoimittaja hän oli 1933–1946.
Elfving työskenteli 1898–1905 metsänhoitotöissä eri puolilla Suomea sekä parisen vuotta opettajana Evon metsäopistossa.
Kutsumus opetusalalle vei hänet 1905 opettajaksi Kurkijoen ylempään maamieskouluun. 
Elfving toimi 1908–1918 Sipoossa Söderkullan metsänvartijakoulun ensimmäisenä johtajana. 
Sittemmin Elfving toimi vuoteen 1929 saakka Tammisaaren metsäkoulun johtajana.
Elfving kuului 1902–1919 Suomen Metsänhoitoyhdistyksen johtokuntaan. Hän hoiti tänä aikana toistakymmentä vuotta yhdistyksen sihteerin tehtäviä. 
Elfving kuului ruotsinkielisen yhdistyksen kahdentoista perustajajäsenen joukkoon, ja hänet valittiin myös sen hallituksen jäseneksi. 
Tässä vaiheessa Elfving hoiti viimeksi mainitun puheenjohtajuutta, joka oli siirtynyt hänelle insinööri Albert Lindsay von Julinilta 1919.
Elfving hoiti myös yhdistykseen vuoden 1920 lopulla perustettua toiminnanjohtajan tehtävää.
Koska Elfvingin varsinainen päivätyö oli Tammisaaren metsäkoulun johtaminen, Tammisaaresta tuli vuosiksi yhdistyksen keskuspaikka.
Elfving jatkoi uuden ruotsinkielisen keskusseuran puheen- ja toiminnanjohtajana.
Elfving jatkoi seuran puheenjohtajana vuoden 1942 loppuun ja Skogsbruket-lehden päätoimittajana aina kuolemaansa eli kesään 1946 asti. 
Elfvingistä oli tullut lehden päätoimittaja 1933 metsänhoitaja Erik Boreniuksen jälkeen.
Hän toimi myös suojeluskuntajärjestössä ja oli Societas pro Fauna et Flora Fennican sekä Helsingin Hyönteistieteellisen Yhdistyksen jäsen. 
Hänestä muokkautui toimittaja ja aikansa ehkä vaikutusvaltaisin musiikkiarvostelija.
Hankittuaan kokemusta Suomen Pankista ja ulkomaisilta opintomatkoilta hän siirtyi 1910 Suomen Yhdyspankkiin, missä hän työskenteli muun muassa sen Vaasan ja Tampereen konttoreissa.
Helsingin Osakepankin (HOP) johtokuntaan Nystén kiinnitettiin syksyllä 1916, jolloin vain kolme vuotta aikaisemmin perustetussa rahalaitoksessa käytiin valtataistelua. 
Nystén nimitettiin Helsingin Osakepankin pääjohtajaksi 1921 Hans Estlanderin kuoltua.
Hän kirjoitti kuvataiteesta eri julkaisuihin ja oli lisäksi Arkitekten-lehden toimittaja 1908–1911.
Samanaikaisesti hän opetti latinaa ja kreikkaa charlottenburgilaisessa koulussa. 
Koska siirtyminen Ruotsiin epäonnistui, Sundwall pysyi Åbo Akademin professorina eläkkeelle siirtymiseensä 1945 saakka ja jatkoi opettamista tämänkin jälkeen.
 Näistä mainittakoon Sydvästra Finlands Jordbrukarklubbin puheenjohtajuus vuodesta 1927.
Dahlströmin kerrotaan olleen monille melko tuntematon, kun hänet valittiin 1934 Suomen Talousseuran (Finska Hushållningssällskapet) puheenjohtajaksi. 
Dahlströmin luottamustoimista mainittakoon Åbo Akademin säätiö, jonka hallituksen puheenjohtajana hän toimi vuodesta 1935 kuolemaansa asti.
Samasta vuodesta alkaen Dahlström toimi Turun taidemuseon kokoelmia hallinnoivan Turun Taideyhdistyksen hallituksen puheenjohtajana sekä rahastonhoitajana. 
 Yliopiston teoreettisen fysiikan (1910–) ja fysiikan (1916–) dosenttina hän oli Helsingissä se henkilö, jolta varttuva suomalainen fyysikkopolvi omaksui tietonsa näistä fysiikan perusteissa tapahtuneista mullistuksista. 
Maisteriksi 1882 promovoitu, liberaalipiirien ja naisliikkeen uranuurtajien – muiden muassa Zachris Topeliuksen ja Adelaïde Ehrnroothin juhlarunoin – juhlima Emma Irene Åström oli opintojensa alusta asti ollut eri koulujen opettaja, ja opetustyö jatkui Tammisaaren seminaarin ruotsin, suomen ja historian lehtorin viran (1886–1912) jälkeenkin.
Hänelle annettiin useita erityistoimeksiantoja, ensimmäisenä syksyllä 1891 niin sanottu (Nikolai Hristianovitsh Bunge) Bungen komitea, jonka tehtävänä oli Suomen perustuslakien kodifikaatio, mutta 1896 hän päätti lopullisesti palveluksensa senaatissa.
Hänen urastaan tuli pitkä, sillä hän pysyi uskollisesti virassaan aina kuolemaansa, vuoteen 1914 asti.
Pohjoismaiden maataloustutkijoiden järjestöä perustettaessa 1918 hän oli keskeinen henkilö ja kuolemaansa asti sen Suomen osaston puheenjohtaja.
"Vihittiin papiksi 8.4.1863, määrättiin Tohmajärven kirkkoherran apulaiseksi, hoiti sen ohessa uskonnonopettajan virkaa Jouhkolan maanviljelyskoulussa 1863–1866;"
